{"cost_function_value": [315.53549643537673, 300.7765114221321, 258.0823743679211, 214.53909544511754, 200.88354694388684, 188.6667309567626, 179.07109878587414, 177.39227804264164, 174.92564520348705, 166.9132857827267, 164.92891582516074, 159.5173887713877, 157.04669944848283, 155.63048378888394, 152.56179037623133, 151.99489286249852, 150.95589544218362, 150.00940709630112, 149.9003443295631, 147.93366276112727, 147.4082040967742, 146.68571356284468, 146.5604787432667, 145.26686362800055, 144.39236769604804, 143.92664447397817, 143.19889698268335, 142.72811664852182, 142.34136922432634, 142.08800026141415, 141.603983649927, 141.3900228787745, 141.186412542924, 141.0878123811055], "gradient_norm": [1.0, 2.545146740009409, 2.108157295729272, 1.2969768356556046, 0.6080027322882081, 0.4960579016345849, 0.43936030154892447, 0.4355403969758581, 0.4544144917384369, 0.3227564147211437, 0.34444290737148014, 0.2320136427122334, 0.1273747418332011, 0.17172010831759962, 0.13333289039808632, 0.13100434352865617, 0.10153760664645593, 0.08051674248373446, 0.13868458961516894, 0.11653369427711871, 0.10175683042409163, 0.08965523225330593, 0.12175032356909961, 0.11419650000951967, 0.08120312629023693, 0.06386740879825488, 0.0921378383235251, 0.0558162966702189, 0.04507726127179807, 0.06095827821146445, 0.04365020837291283, 0.03884533724694884, 0.029051776270935453, 0.028305813477255314], "stepsize": [1.0, 0.03125, 0.125, 0.5, 0.001953125, 1.0, 1.0, 1.0, 0.00390625, 1.0, 1.0, 1.0, 0.001953125, 1.0, 1.0, 1.0, 0.0009765625, 0.25, 0.5, 1.0, 0.001953125, 1.0, 1.0, 1.0, 0.001953125, 1.0, 1.0, 1.0, 0.001953125, 1.0, 1.0, 1.0, 0.0009765625, 0.5], "MeshQuality": [], "angle": [108.24983630726837, 66.33174099760589, 56.260500483989254, 45.033924017171216, 21.421741142125892, 18.892631269791142, 18.22028863952957, 18.264660539052507, 19.543112966026268, 14.833714632944288, 15.847781650112019, 11.063843140605524, 6.189850688647367, 8.364915139422632, 6.6060465659676915, 6.595680201778481, 5.139730718604603, 4.100307560112585, 7.018068995161399, 5.959493170121091, 5.241403410340691, 4.636662557545681, 6.273234624815938, 5.911441357371089, 4.229497363488858, 3.333510680846509, 4.808256672671438, 2.926654907258361, 2.3655204776658825, 3.1970223479666995, 2.297567542927965, 2.0470141943688556, 1.5312784385623848, 1.493539074957654], "initial_gradient_norm": 402.1183818333695, "state_solves": 120, "adjoint_solves": 34, "iterations": 34}