{"cost_function_value": [315.53549643537673, 315.53549643537673, 315.53549643537673, 229.33512851850182, 223.19678324491386, 197.27865334666208, 182.04163037945037, 173.40202633593506, 167.46005773899648, 163.4017566505966, 159.4738005615385, 157.09541993225736, 155.95999110959292, 155.09944216766146, 154.11735742837598, 151.6491986613867, 150.56212844958714, 148.94742821107133, 147.89237462508584, 147.05220143391776, 146.54485374936914, 146.10191871912514, 145.67875720579616, 145.3057478356724, 144.9483377489865, 144.54769847449714, 144.18173008317478, 144.10242499723992, 143.7964875460679, 143.06605927657188, 142.73123867332222, 142.65244790371332, 142.2167313908353, 142.0232258653795, 141.65822694388763, 141.5569751571381, 141.1635710450025, 140.87686972684202, 140.48067015645108], "gradient_norm": [1.0, 0.853213184774194, 0.5861879573494426, 0.4188969909749286, 0.8902896959134029, 0.7304457090806844, 0.5797790323607882, 0.46467276787730083, 0.3388325345670178, 0.24543757273902994, 0.15598272889369438, 0.13512543620560408, 0.14514568521503587, 0.1353545127866329, 0.13299495447524287, 0.09870703776005042, 0.08930391117093407, 0.07248163220873048, 0.0668539676745677, 0.061972859300614414, 0.04725132555530279, 0.04254128788315086, 0.042098280373654415, 0.04137392892173637, 0.04333870114651591, 0.043015967857247706, 0.0345927942858974, 0.06076038565196202, 0.07553016834827163, 0.043416555505519254, 0.03985674843994653, 0.0568495780715158, 0.03440800554575282, 0.034881122231165976, 0.02990149458573491, 0.05114343055097496, 0.06170610571495648, 0.030285041431914128, 0.02392485545891858], "stepsize": [1.0, 0.5, 0.375, 0.28125, 0.052734375, 0.0791015625, 0.11865234375, 0.177978515625, 0.2669677734375, 0.40045166015625, 0.600677490234375, 0.9010162353515625, 1.0, 1.0, 1.0, 1.0, 1.0, 1.0, 1.0, 1.0, 0.5, 0.75, 0.5, 0.75, 0.5, 0.75, 0.5, 0.75, 1.0, 0.5, 0.75, 1.0, 0.5, 0.75, 1.0, 1.0, 1.0, 0.5, 0.75], "MeshQuality": [], "angle": [108.24983630726837, 54.124918153634155, 33.82807384602132, 23.18861221548558, 40.62960731450667, 34.32494321154586, 27.897168220189293, 22.500378844477666, 16.509539513303086, 11.947507213433875, 7.701557265244969, 6.708271612021103, 7.252331771857473, 6.784747519105154, 6.73166925946539, 5.0284329014474585, 4.581365276703882, 3.7389789357691097, 3.457617838802706, 3.2238791960195674, 2.4607251844515803, 2.2201327938597286, 2.1990217955370013, 2.166217027089921, 2.269414257326263, 2.257407242437416, 1.8168304894564735, 3.188596715615244, 3.973524296760719, 2.28671741708861, 2.099028945235145, 2.996158865742935, 1.8142965328522762, 1.8387198623862968, 1.5782158004450273, 2.698865666916503, 3.2613381413166507, 1.6014095955417538, 1.2651188794321364], "initial_gradient_norm": 402.1183818333695, "state_solves": 52, "adjoint_solves": 39, "iterations": 38}