{"cost_function_value": [315.53549643537673, 300.7765114221321, 250.27567877701006, 216.130497527714, 192.81491197593797, 183.21601167027134, 176.0038824896972, 171.24819982751188, 166.69555166126338, 162.53863175807803, 160.02712930180573, 157.96398733221977, 156.57040159794093, 155.36290622637654, 151.54350259723276, 150.26473858948202, 149.18212988937117, 148.24570419853222, 147.4773702428462, 146.6043975572998, 146.0628946603432, 145.56666505243223, 145.0159947236283, 144.36718584074998, 143.96869470959635, 143.38020920494006, 143.19487741735318, 143.06153951589215, 142.9933279565432, 142.16147103334626, 141.71932841003897, 141.60151084900625], "gradient_norm": [1.0, 2.545146740009409, 2.300122907760654, 1.3127119674315126, 0.7080840999715869, 0.3684621165357993, 0.30047866129806217, 0.2780267060343772, 0.243368132108601, 0.1795865682674518, 0.1507143607031566, 0.12788328019928194, 0.16101794148405205, 0.18017364748859852, 0.12421378876763688, 0.08155661639180609, 0.06716504190739456, 0.05876430306251567, 0.05309104491596145, 0.05212652846986059, 0.051818901325820635, 0.04394150684233629, 0.04448299629841092, 0.0613632998598267, 0.07370866683342506, 0.06808455356188794, 0.054317966220040585, 0.04329335041371014, 0.05048040667216559, 0.07006578508928288, 0.03593534984583108, 0.02756821823502815], "stepsize": [1.0, 0.03125, 0.015625, 0.00390625, 0.001953125, 0.001953125, 0.001953125, 0.001953125, 0.001953125, 0.001953125, 0.001953125, 0.001953125, 0.00390625, 0.001953125, 0.001953125, 0.001953125, 0.001953125, 0.001953125, 0.001953125, 0.001953125, 0.001953125, 0.0009765625, 0.001953125, 0.00390625, 0.001953125, 0.001953125, 0.00048828125, 0.0009765625, 0.001953125, 0.00390625, 0.001953125, 0.0009765625], "MeshQuality": [], "angle": [108.24983630726837, 66.33174099760589, 58.36707069883235, 40.61870617076117, 26.688050330773343, 14.97519312363664, 12.972848006172562, 12.402437286925192, 11.233793880844967, 8.531424996530156, 7.287156018347299, 6.267134082168299, 7.944570526751997, 8.924591737777085, 6.251322379564479, 4.1447442592722865, 3.4358965122865053, 3.023272244157963, 2.7416567692734253, 2.7004603379892536, 2.6933516494624397, 2.286805953310469, 2.319743881828376, 3.210826099469931, 3.8540437142542987, 3.5782046429448404, 2.854726228404163, 2.275546142640313, 2.655087588904626, 3.6876114177164845, 1.8930370013131932, 1.4539051790697257], "initial_gradient_norm": 402.1183818333695, "state_solves": 72, "adjoint_solves": 32, "iterations": 32}