{"cost_function_value": [315.53549643537673, 315.53549643537673, 315.53549643537673, 218.39843212424898, 181.6867556864904, 172.60694749206382, 165.98949466743474, 161.3960991190559, 161.077113132281, 157.2580213821234, 154.5713472305488, 152.21454077608672, 150.29867766617494, 148.4158805589617, 147.79332640123152, 147.69587857397042, 146.08534926650174, 144.78695564339696, 143.97647990469486, 143.59469686684764, 143.06722948306097, 142.6421894247606, 142.1282868640543, 141.931183958038, 141.4548774179269, 141.42269733579363], "gradient_norm": [1.0, 0.8532131847741941, 0.47340275306825413, 0.4802345981296642, 0.4738899815798463, 0.47873669648761297, 0.432551040446726, 0.37546275605875945, 0.3653501119783845, 0.24567949170565587, 0.16272207676560382, 0.1066437335784164, 0.07869323187207103, 0.0720251475698512, 0.09678417147330609, 0.11138070940025133, 0.08715238961070332, 0.07878727260504502, 0.06922741473042412, 0.07655307819785917, 0.07401333892779804, 0.040884745791944975, 0.03030731958088636, 0.03004033319979964, 0.037154553953961805, 0.024634239410110878], "stepsize": [1.0, 0.5, 0.375, 0.0703125, 0.052734375, 0.03955078125, 0.059326171875, 0.0889892578125, 0.13348388671875, 0.200225830078125, 0.3003387451171875, 0.45050811767578125, 0.6757621765136719, 1.0, 1.0, 1.0, 1.0, 1.0, 1.0, 1.0, 1.0, 0.5, 0.75, 1.0, 1.0, 0.25], "MeshQuality": [], "angle": [108.24983630726837, 54.12491815363417, 26.717420593792266, 25.807717460097106, 25.062187855895182, 24.982718892176116, 22.54165234043019, 19.542564470942374, 18.411334179567998, 12.53228879838451, 8.347869954831413, 5.48415170456275, 4.044550112742105, 3.7184505912145003, 5.002538882534184, 5.779536231576212, 4.5372182349421735, 4.10591072056702, 3.6238408476955946, 4.00732788191485, 3.8901264009633305, 2.149436137862136, 1.5938076693900944, 1.5816948012286283, 1.9562755014213153, 1.2980521466808188], "initial_gradient_norm": 402.1183818333695, "state_solves": 36, "adjoint_solves": 26, "iterations": 25}