{"cost_function_value": [7.655835145949807, 5.500070431325852, 5.468182638977203, 5.051919958902094, 3.0039428155331005, 1.5780070235844585, 1.2329555247425015, 1.130223368872041, 1.1119645264404454, 1.1067727271826195, 1.1007451233535732, 1.0938275651445957, 1.07234713169463, 1.0502457454974654, 1.0498354733556392, 1.0358453781079715, 1.0309024842868604, 1.0228305725767588, 1.0208226850164046, 1.0143712927654536, 0.9771191753276512, 0.9729766631760243, 0.9675561764386637, 0.967340358372136, 0.9618580664434967, 0.9611413401091359, 0.9584503377878011, 0.9517467578904648, 0.947467045797884, 0.942519545190345, 0.9378656560411247, 0.9309223555218068, 0.9295767334232197, 0.9201772108701253, 0.9019448251434071, 0.8988339948036026, 0.8892844256844107, 0.8834568182558996, 0.8762083390882314, 0.8742859306542129, 0.8528924605577335, 0.8515640080985369, 0.8506269558615074, 0.8480231963666863, 0.8364691086336409, 0.8107741509720726], "gradient_norm": [1.0, 0.3353827771491913, 0.9035570870954128, 0.33694874453815465, 0.7757355435032426, 0.4588024723410283, 0.6051683428001133, 0.533987143887245, 0.5602673497624897, 0.5406674087869338, 0.5525217530136892, 0.5717015277611276, 0.5196662036370969, 0.5444761634224229, 0.5205316833780277, 0.5401990588656049, 0.5200047043242341, 0.5392372244789471, 0.5200135066986534, 0.5323276381429044, 0.491314791943765, 0.49855106780794706, 0.48247403427186764, 0.4935437967856693, 0.47673155853075216, 0.48662651997005507, 0.45867097052487166, 0.47524432636826125, 0.4485855581490899, 0.4613128384698652, 0.42236702913050617, 0.4365422654618199, 0.39471712751750315, 0.406429043101231, 0.021353997395644295, 0.02313797716781024, 0.019058551649629833, 0.019719720304426452, 0.016418691078855047, 0.01657210713308447, 0.012393823976756266, 0.012367338359013002, 0.012332910226651278, 0.011986976933068504, 0.014980542643640004, 0.003629360942710685], "stepsize": [1.0, 3.814697265625e-06, 7.62939453125e-06, 7.62939453125e-06, 7.62939453125e-06, 7.62939453125e-06, 7.62939453125e-06, 7.62939453125e-06, 7.62939453125e-06, 1.52587890625e-05, 0.00048828125, 0.000244140625, 1.52587890625e-05, 0.00390625, 6.103515625e-05, 0.00048828125, 6.103515625e-05, 0.00048828125, 3.0517578125e-05, 0.00048828125, 0.00048828125, 0.00390625, 6.103515625e-05, 0.0009765625, 6.103515625e-05, 0.0009765625, 0.0001220703125, 0.001953125, 0.0001220703125, 0.001953125, 0.000244140625, 0.00390625, 0.000244140625, 0.00390625, 0.00390625, 0.0625, 0.000244140625, 0.000244140625, 0.000244140625, 1.0, 0.25, 0.03125, 0.0625, 0.0625, 0.5, 0.25], "MeshQuality": [], "angle": [89.73803129751514, 89.7972321439093, 89.52945676442467, 89.51178489000742, 89.17868664733314, 88.96441776788117, 88.78908233386501, 88.60411291550332, 88.4326296437713, 88.08226193305715, 88.0743898708642, 82.53451519924947, 82.17576994830866, 82.15209638937195, 80.78677518290576, 80.76346955793983, 79.40816241008002, 79.3827018195764, 78.70622582712093, 78.69310475073158, 68.10859925184053, 67.33461672257131, 66.08200582199963, 66.03224369816107, 64.79196973170683, 64.74569158594807, 62.30605102492958, 62.194286413051856, 59.8103235981571, 59.69935185029204, 55.07861164655966, 54.79112829213163, 50.41861861590306, 50.18814604696342, 2.4381205167831146, 2.454957380849632, 2.164374935662008, 2.1222730960896103, 1.8404644374685644, 1.8924851837697225, 1.3693254054515374, 1.3531579849995063, 1.3467447203880594, 1.3100379032310414, 1.6146947212359248, 0.41235835988101394], "initial_gradient_norm": 720.1383142568556, "state_solves": 0, "adjoint_solves": 0, "iterations": 46}