{"cost_function_value": [7.65583514595063, 5.500070431325757, 5.468182638975274, 5.051919958896788, 3.003942815529896, 1.5780070235835657, 1.2329555247423076, 1.130223368872034, 1.111964526440481, 1.1067727271826593, 1.0979914824069854, 1.0913085588570561, 1.0864141165040426, 1.0816390436644263, 1.0789786376594348, 1.075756812062839, 1.0742324156857648, 1.0705507426319647, 1.067764830204068, 1.0616743517537952, 1.056692607673812, 1.0493748073915474, 1.0435893989973923, 1.0373247231145524, 1.0324990878606077, 1.0299354157046736, 1.0231181226604678, 1.0220859585852733, 1.0138354161070924, 1.0115352452325013, 1.0046594248687717, 1.000625260906049, 0.9987410672664837, 0.9979174614649806, 0.9975491778039759, 0.9942543749818885, 0.9896320294344991, 0.980173096722318, 0.9744094830902936, 0.9684877921626863, 0.964868318337039, 0.9630969250823563, 0.9614278042938948, 0.9563766797087014, 0.9498416106117007, 0.9405695541190274, 0.940084344698361, 0.9293776685509523, 0.9250619726131988, 0.9245242633397557, 0.9188697080677464, 0.910425485248891, 0.906417496716028, 0.9023533662577257, 0.8980043996395556, 0.8939209693653054, 0.8915395307604439, 0.8906878615951606, 0.8894256801247923, 0.8835074211491869, 0.8798134595392193, 0.873382737727452, 0.8702656488733322, 0.866250061805101, 0.8650619613175791, 0.859792195749721, 0.8573447754333533, 0.8541796117293228, 0.8517162467902586, 0.8487838962162529, 0.8466618667759178, 0.8438669208034383, 0.8434797826805271, 0.8395095367221387, 0.8386753171281501, 0.8350739361250719, 0.8340822947957031, 0.8304686961458135, 0.8289722450900073, 0.8268786050688983, 0.8252302734696266, 0.8231116676707787, 0.8219398604222136, 0.8201534040660489, 0.8187770500636554, 0.816965919236768], "gradient_norm": [1.0, 0.33538277714922854, 0.9035570870954284, 0.33694874453825613, 0.7757355435031281, 0.45880247234117366, 0.6051683428001299, 0.5339871438873343, 0.5602673497625508, 0.540667408786998, 0.5549793547786255, 0.5464032875252467, 0.5566687811181971, 0.540891288755137, 0.5595359747246076, 0.534848835649144, 0.562107578173731, 0.530326441182493, 0.5620731456044753, 0.5290711388960174, 0.5583642514639723, 0.5308297225278457, 0.5519904551286478, 0.5337886713611415, 0.5454590104094243, 0.5275990929875467, 0.5442788563106447, 0.523643292473552, 0.5413815762055844, 0.5229390408787314, 0.5368342860155485, 0.5243086538871577, 0.5387064983070019, 0.5138049592202611, 0.540853250213421, 0.5068322260026636, 0.536589888168842, 0.5077719156838709, 0.5251016309541208, 0.5104088564779653, 0.5177800103204634, 0.4937505726961128, 0.5152015219491828, 0.482079197854125, 0.5033121481569256, 0.4795740591755472, 0.48822449943016955, 0.46763260831398196, 0.4642327379360057, 0.4235547788402427, 0.4344495493041862, 0.40586646941610777, 0.40286305209349665, 0.368213027611064, 0.363931421512561, 0.3324486583798511, 0.3172039534957438, 0.2806059111485126, 0.27315726281084995, 0.23750636783097276, 0.22922321738621398, 0.20177860627801444, 0.19019176914870511, 0.1702797038885453, 0.14478433239132402, 0.12792076758811863, 0.11889284641984824, 0.09565702456540641, 0.08909266495082001, 0.07183021436313937, 0.06667789601999169, 0.054040986957303874, 0.04633232398832041, 0.04074670712290229, 0.03526413825085054, 0.03091700636390652, 0.027078517863639583, 0.023744866353694712, 0.02057227412492459, 0.016967641793386366, 0.015966615760022597, 0.013439297292293782, 0.012305330531569163, 0.01037466746460553, 0.00993276042896564, 0.008620641245833564], "stepsize": [1.0, 3.814697265625e-06, 7.62939453125e-06, 7.62939453125e-06, 7.62939453125e-06, 7.62939453125e-06, 7.62939453125e-06, 7.62939453125e-06, 7.62939453125e-06, 1.52587890625e-05, 7.62939453125e-06, 1.52587890625e-05, 1.52587890625e-05, 1.52587890625e-05, 1.52587890625e-05, 1.52587890625e-05, 1.52587890625e-05, 1.52587890625e-05, 1.52587890625e-05, 1.52587890625e-05, 1.52587890625e-05, 1.52587890625e-05, 1.52587890625e-05, 1.52587890625e-05, 1.52587890625e-05, 3.0517578125e-05, 1.52587890625e-05, 3.0517578125e-05, 1.52587890625e-05, 3.0517578125e-05, 1.52587890625e-05, 3.0517578125e-05, 3.0517578125e-05, 3.0517578125e-05, 3.0517578125e-05, 3.0517578125e-05, 3.0517578125e-05, 3.0517578125e-05, 3.0517578125e-05, 3.0517578125e-05, 6.103515625e-05, 6.103515625e-05, 6.103515625e-05, 6.103515625e-05, 6.103515625e-05, 6.103515625e-05, 0.0001220703125, 6.103515625e-05, 0.0001220703125, 0.000244140625, 0.0001220703125, 0.0001220703125, 0.0001220703125, 0.000244140625, 0.0001220703125, 0.000244140625, 0.000244140625, 0.000244140625, 0.000244140625, 0.000244140625, 0.000244140625, 0.000244140625, 0.000244140625, 0.000244140625, 0.00048828125, 0.000244140625, 0.000244140625, 0.00048828125, 0.000244140625, 0.00048828125, 0.000244140625, 0.00048828125, 0.00048828125, 0.000244140625, 0.00048828125, 0.000244140625, 0.00048828125, 0.000244140625, 0.00048828125, 0.00048828125, 0.000244140625, 0.00048828125, 0.00048828125, 0.00048828125, 0.000244140625, 0.00048828125], "MeshQuality": [], "angle": [89.73803129751515, 89.79723214390931, 89.52945676442467, 89.511784890007, 89.17868664733308, 88.96441776788113, 88.789082333865, 88.60411291550332, 88.4326296437713, 88.08226193305715, 87.91035669831791, 87.56195467814261, 87.21716298246622, 86.86844588044357, 86.52662173635571, 86.17696308821066, 85.83851371307985, 85.48770222421169, 85.15187119798689, 84.8007056459162, 84.46584676718437, 84.11615213959598, 83.78082396843202, 83.43444679889998, 83.09806039410496, 82.41359441614624, 82.08074950119195, 81.39795665794675, 81.06748605037889, 80.38778948759408, 80.05822156473903, 79.38357211116816, 78.725525432907, 78.04894732867555, 77.40514746363058, 76.72493100732763, 76.08918488172857, 75.41220873596222, 74.77451399594734, 74.11312498594982, 72.8319814726181, 71.53141980906922, 70.2941593682484, 68.99830908837171, 67.78837149776305, 66.51997640518451, 64.11621259689113, 62.88368804410488, 60.53606271341636, 55.8824783961227, 53.75747858616838, 51.56783196666809, 49.529909035618225, 45.485754986291816, 43.63690916811468, 39.98270318215279, 36.65547457898854, 33.47203307856653, 30.673079312474837, 27.92316204872729, 25.55112430726033, 23.23852772606296, 21.223260661494294, 19.309057152873677, 15.92869094581323, 14.459350317835463, 13.19024842697718, 10.818321977776511, 9.871996278845243, 8.101019090459785, 7.39611451842254, 6.078366564950471, 5.084064217358867, 4.5815318834504914, 3.8768406023625697, 3.477320682698646, 2.9853402827624937, 2.6671567002394068, 2.2856477959263395, 1.9218433361872236, 1.7831663031544973, 1.5134788458805672, 1.3711817398313757, 1.1761293972423634, 1.1124553976342129, 0.9718816355595319], "initial_gradient_norm": 720.1383142567768, "state_solves": 0, "adjoint_solves": 0, "iterations": 86}