{"cost_function_value": [7.655835145939491, 1.357747916359971, 1.3329254265222483, 1.3108018714318255, 1.2976087268177132, 1.278187369947669, 1.2658125315585043, 1.2558726938053308, 1.2399764216008766, 1.2306752238898606, 1.2204866727849746, 1.2202211742963343, 1.2050405601970988, 1.2001598410998984, 1.1902358204627042, 1.1856076249634286, 1.1768895486230755, 1.172041335695478, 1.1638837632411683, 1.1603510878861227, 1.1518538887883174, 1.1512677332779961, 1.14286348521775, 1.128110509167673, 1.1224226077693726, 1.1150703106075706, 1.1137012997504112, 1.1007430358713186, 1.0958070908378228, 1.0907140936344903, 1.0871258124626588, 1.0794350781432374, 1.0751953397247633, 1.0698905489361636, 1.0655890088530513, 1.0606392650650995, 1.0569536354581544, 1.0518470562957918, 1.0465409155832406, 1.0418117158952116, 1.0378938060524439, 1.0349377441307475, 1.0301909748860436, 1.0242636049007976, 1.0208302018058206, 1.0177994306330342, 1.0131660091661399, 1.0103353482448512, 1.0075498504551215, 1.0051672432614311, 1.0040321236977907, 0.9968635711990435, 0.9934417737523933, 0.9918863161561562, 0.9876882475215361, 0.9795983538658123, 0.9757410127983692, 0.9704894954961323, 0.9644158981200247, 0.9623895288444222, 0.9525355394948457, 0.9472744869477978, 0.9425051142458092, 0.9377133912562662, 0.9342721491787989, 0.9268833152670303, 0.9229505425405635, 0.9178572387877818, 0.9158602012016112, 0.9121751994615728, 0.9060092371514891, 0.9020072071385111, 0.8976998914427261, 0.894050738927442, 0.893521819953534, 0.8887798476307939, 0.8828422573943067, 0.8786351161704784, 0.8770613174666473, 0.872049230660167, 0.8687886075878305, 0.8653207691619524, 0.8629805239323011, 0.8600772701175555, 0.8571914168174091, 0.8543213441911445, 0.8521701941855433, 0.8496415340228942, 0.8479514678650028, 0.8445147721585543, 0.8426650325904214, 0.8401495325051549, 0.839051132113663, 0.8361990406754177, 0.8361826748490134, 0.833258070144956, 0.8302374202719489, 0.8277567195936473, 0.8265161253312346, 0.8244387990045235, 0.8235072314549716, 0.8219492038028932, 0.8209704764140422, 0.8181496086772506, 0.8170588019489616, 0.8153591453964885], "gradient_norm": [1.0, 0.5653443995012973, 0.582544751084954, 0.5580594804470594, 0.5865932722739133, 0.5649122330314236, 0.5773808305269558, 0.5538362205204794, 0.5724768475167484, 0.5647746451123888, 0.5734786494673358, 0.5465854361293513, 0.5774369136502845, 0.549654106225256, 0.574341414090474, 0.5493684511103097, 0.5722662448970263, 0.5482925258960736, 0.5705025107709436, 0.5453688305284291, 0.5702078022306362, 0.5404541566401553, 0.5721556371235356, 0.5529895043465279, 0.558622538475048, 0.5495014689219019, 0.5671057115900888, 0.5477499463633975, 0.5559420604200316, 0.5412281431852772, 0.5589002990041483, 0.5432431900362213, 0.5534885958280389, 0.54217984533755, 0.5511032864295711, 0.5392377362859556, 0.5505462656632146, 0.5340609140445526, 0.5439131981380717, 0.5359095839537462, 0.5459061382797777, 0.526220039148972, 0.5443759807606537, 0.5317697354607291, 0.537531388381659, 0.5243971497977049, 0.5340400846984376, 0.5280215523826512, 0.5348932592117646, 0.5212647576363296, 0.5361294520221638, 0.5197188318277711, 0.5284567151825248, 0.5089092304956159, 0.5279382956563873, 0.5140350678072848, 0.5151661560603478, 0.5078668140635477, 0.5090142861885308, 0.4835684015050329, 0.4983199982395658, 0.48525954381423325, 0.48612789691212127, 0.4623967544349907, 0.47124773509829687, 0.4532322482704587, 0.4492957259568922, 0.42792372555233144, 0.4177201492571473, 0.3835690041698422, 0.38565794964042016, 0.3560985696728281, 0.3514843691963006, 0.3242535737952822, 0.30578275592242304, 0.27228943415846085, 0.26680650799178035, 0.24059245000790108, 0.2172919332471456, 0.19126010292931253, 0.18168300105484853, 0.160590857385286, 0.13789828814298602, 0.11786109417518288, 0.11026990254859419, 0.09292187110117389, 0.08572090047844425, 0.07082193002694245, 0.06474609670133931, 0.05800785085318192, 0.051172277163937456, 0.04088799239239362, 0.03654509235061048, 0.031556392382252975, 0.02859958246358157, 0.02394127315721296, 0.02263087257577357, 0.019251497926430668, 0.017933319502811757, 0.015317487350105087, 0.013579007522146415, 0.011468651282548242, 0.011552964008304106, 0.009373784953836013, 0.009094699704857533, 0.007810868838714251], "stepsize": [1.0, 0.0009765625, 0.00146484375, 0.002197265625, 0.00164794921875, 0.0012359619140625, 0.00185394287109375, 0.002780914306640625, 0.0010428428649902344, 0.0015642642974853516, 0.0023463964462280273, 0.003519594669342041, 0.0013198480010032654, 0.001979772001504898, 0.0014848290011286736, 0.0022272435016930103, 0.0016704326262697577, 0.0025056489394046366, 0.0018792367045534775, 0.002818855056830216, 0.002114141292622662, 0.0031712119389339932, 0.002378408954200495, 0.0017838067156503712, 0.0026757100734755568, 0.004013565110213335, 0.006020347665320003, 0.002257630374495001, 0.0033864455617425016, 0.005079668342613752, 0.0038097512569603142, 0.0028573134427202357, 0.0042859701640803535, 0.003214477623060265, 0.004821716434590398, 0.003616287325942798, 0.005424430988914197, 0.004068323241685648, 0.0030512424312642357, 0.004576863646896354, 0.006865295470344531, 0.005148971602758398, 0.003861728702068799, 0.0028962965265515992, 0.004344444789827399, 0.006516667184741099, 0.002443750194277912, 0.003665625291416868, 0.005498437937125302, 0.004123828452843976, 0.006185742679265964, 0.004639307009449473, 0.006958960514174209, 0.010438440771261314, 0.007828830578445986, 0.005871622933834489, 0.008807434400751733, 0.0132111516011276, 0.0198167274016914, 0.029725091102537102, 0.011146909163451414, 0.01672036374517712, 0.02508054561776568, 0.03762081842664852, 0.028215613819986392, 0.021161710364989796, 0.0317425655474847, 0.047613848321227045, 0.07142077248184056, 0.05356557936138042, 0.040174184521035314, 0.06026127678155297, 0.04519595758616473, 0.06779393637924709, 0.10169090456887064, 0.07626817842665298, 0.05720113381998974, 0.08580170072998461, 0.1287025510949769, 0.09652691332123269, 0.07239518499092451, 0.10859277748638677, 0.16288916622958016, 0.12216687467218512, 0.09162515600413884, 0.13743773400620826, 0.10307830050465619, 0.1546174507569843, 0.11596308806773822, 0.08697231605080366, 0.13045847407620548, 0.19568771111430822, 0.14676578333573115, 0.11007433750179836, 0.16511150625269755, 0.12383362968952316, 0.09287522226714237, 0.13931283340071354, 0.10448462505053516, 0.15672693757580275, 0.23509040636370412, 0.1763178047727781, 0.13223835357958358, 0.09917876518468768, 0.1487681477770315, 0.22315222166554727], "MeshQuality": [],