{"cost_function_value": [7.655835145950597, 1.885218562015428, 1.464845531537261, 1.3238509512045267, 1.275045770604881, 1.2608444526007572, 1.2510276274850496, 1.2383272313617926, 1.2275055030247617, 1.217555914377288, 1.2113430811509767, 1.2095905663773423, 1.202676318719904, 1.1846995486056888, 1.1790168323099284, 1.1766908766458601, 1.175720479201676, 1.1594563526773995, 1.1553946371368946, 1.1463584873294324, 1.1416149246849163, 1.1334201894011036, 1.1290100929385218, 1.1211375996721533, 1.118335125718266, 1.1105202067505753, 1.103616747813423, 1.0979761900248275, 1.0934877015790696, 1.0883106300769423, 1.082453500830361, 1.077607118707605, 1.0728470376620738, 1.0684565518640232, 1.064035751393898, 1.0624263026095284, 1.0592959506273554, 1.0490587706766072, 1.045040399934571, 1.0396262568050934, 1.035797208618261, 1.0310264306163046, 1.0300790381756944, 1.0271724325504294, 1.0211277438459605, 1.0153153816661307, 1.0122527601881983, 1.0091647983743217, 1.0071723627919964, 1.0020020066351847, 0.9989799778855941, 0.9975487317459291, 0.9935741508795332, 0.9933014473470008, 0.9868053306278424, 0.9848338962186491, 0.9770909006125675, 0.9727197583076572, 0.9664044353862087, 0.9614280180060308, 0.9589470354862099, 0.9517946614811424, 0.9508037356275649, 0.9412302713162397, 0.9393295785613299, 0.9309153747187932, 0.9279134444709317, 0.9215038600318203, 0.9178278165205204, 0.9145621043784877, 0.9119656961281716, 0.9043419489796012, 0.9009388127286552, 0.8976963864803976, 0.8949861401077935, 0.8889375451045147, 0.8857079625805853, 0.8819537685888399, 0.8790698120434848, 0.8757802753742816, 0.8729124038335533, 0.871198645724766, 0.8686781237562726, 0.8615322175706356, 0.8591591630276256, 0.8560296794376034, 0.8544841375926996, 0.8539627821120084, 0.8479602299017931, 0.8461201479410518, 0.843883605680813, 0.840618614739597, 0.8397554886985235, 0.8365020330892405, 0.8330335765615097, 0.8307233175520622, 0.8304826532697352, 0.8275879264630053, 0.825799764529865, 0.8236113398855556, 0.8225159646583077, 0.8205979211727322, 0.8196483036516751, 0.8182958257698879, 0.8180704027835389, 0.8150395799980439], "gradient_norm": [1.0, 0.4619319304685767, 0.6342734581448292, 0.538343418345502, 0.5798551194916868, 0.5615176034611997, 0.5806223873604145, 0.5570558645790685, 0.5717366783533819, 0.5613841434697336, 0.5780703166575536, 0.5464235334385531, 0.58144563340617, 0.5579299272257351, 0.5693486968328666, 0.5477923684077394, 0.5782647807079558, 0.551929695990294, 0.5703437981239505, 0.5513607370793429, 0.5675768060402812, 0.5501541532991278, 0.565842422434603, 0.5479597606437246, 0.5658058157008663, 0.5436650685844463, 0.5570959817289532, 0.547510019938579, 0.558906082164284, 0.5404821474804816, 0.5543737509549158, 0.5406340105401476, 0.5521151326414687, 0.5378993068870761, 0.5516881683139145, 0.5310984172783162, 0.5552053245905767, 0.5352320454713386, 0.5472976670987647, 0.5345677598223461, 0.544578312588449, 0.531155442705365, 0.5461707018015475, 0.5218329062783944, 0.5420897197243956, 0.5295990780816155, 0.5345810395171328, 0.5233435255217644, 0.5366517107948146, 0.5234362905840733, 0.5308126365909586, 0.5138833199284055, 0.5307968168517045, 0.5059744082898447, 0.5278141472071927, 0.5011548271975538, 0.5210736805202043, 0.49884007489794635, 0.5118290071334795, 0.49580382069331963, 0.506661117230207, 0.4829673720104598, 0.4965016343341896, 0.47072080769662183, 0.4801946462624713, 0.4567524228942553, 0.4596992231983972, 0.4397764154552908, 0.4353839371355032, 0.4025510007594384, 0.40365286167908626, 0.38069532467711753, 0.36942975572766434, 0.33412782293333465, 0.3268061077834371, 0.30428886012699446, 0.28925019983899963, 0.25395742320159426, 0.24108330148683926, 0.20667329247350222, 0.19533560006184025, 0.16351605096199617, 0.15470860089811325, 0.1393339761130875, 0.12618883517720078, 0.10417822572603415, 0.09453155477864447, 0.07558065453589691, 0.07242756060127752, 0.06526230103717585, 0.05634149285086934, 0.044482532938267504, 0.03316449490516006, 0.02795038940893519, 0.02649051254982925, 0.022778097774580543, 0.020345168519293955, 0.01694270380782917, 0.015944620118039685, 0.013445473152713381, 0.01273863833599566, 0.010750745753497723, 0.010525106695214505, 0.009053719141142938, 0.010138417235232957, 0.0076157738415714785], "stepsize": [1.0, 0.001953125, 0.00146484375, 0.002197265625, 0.00164794921875, 0.002471923828125, 0.0037078857421875, 0.002780914306640625, 0.0020856857299804688, 0.003128528594970703, 0.004692792892456055, 0.003519594669342041, 0.0026396960020065308, 0.001979772001504898, 0.002969658002257347, 0.004454487003386021, 0.0033408652525395155, 0.0025056489394046366, 0.003758473409106955, 0.002818855056830216, 0.004228282585245324, 0.0031712119389339932, 0.00475681790840099, 0.0035676134313007424, 0.0053514201469511136, 0.004013565110213335, 0.0030101738326600014, 0.004515260748990002, 0.006772891123485003, 0.005079668342613752, 0.0038097512569603142, 0.005714626885440471, 0.0042859701640803535, 0.00642895524612053, 0.004821716434590398, 0.007232574651885596, 0.005424430988914197, 0.004068323241685648, 0.006102484862528471, 0.004576863646896354, 0.006865295470344531, 0.005148971602758398, 0.007723457404137598, 0.0057925930531031984, 0.004344444789827399, 0.0032583335923705493, 0.004887500388555824, 0.007331250582833736, 0.005498437937125302, 0.004123828452843976, 0.006185742679265964, 0.009278614018898946, 0.006958960514174209, 0.010438440771261314, 0.007828830578445986, 0.011743245867668978, 0.008807434400751733, 0.0132111516011276, 0.0099083637008457, 0.014862545551268551, 0.022293818326902828, 0.01672036374517712, 0.02508054561776568, 0.01881040921332426, 0.028215613819986392, 0.021161710364989796, 0.0317425655474847, 0.023806924160613523, 0.03571038624092028, 0.05356557936138042, 0.040174184521035314, 0.030130638390776485, 0.04519595758616473, 0.06779393637924709, 0.05084545228443532, 0.03813408921332649, 0.05720113381998974, 0.08580170072998461, 0.06435127554748846, 0.09652691332123269, 0.07239518499092451, 0.10859277748638677, 0.08144458311479008, 0.06108343733609256, 0.09162515600413884, 0.13743773400620826, 0.10307830050465619, 0.1546174507569843, 0.05798154403386911, 0.08697231605080366, 0.13045847407620548, 0.19568771111430822, 0.2935315666714623, 0.11007433750179836, 0.08255575312634877, 0.12383362968952316, 0.18575044453428474, 0.13931283340071354, 0.10448462505053516, 0.15672693757580275, 0.11754520318185206, 0.1763178047727781, 0.13223835357958358, 0.19835753036937537, 0.1487681477770315, 0.11157611083277363], "MeshQuality": [],