{"cost_function_value": [2802.6221323321847, 42.79337692102448, 6.386821484889278, 0.33035275776238904, 0.3297925016973807, 0.32950865245853644, 0.3277865841303434, 0.3271676761563538, 0.3256171948451001, 0.32454066447661095, 0.32421026486315524, 0.3187708560169977, 0.31817125837807964, 0.31736645358829274, 0.317156811286677, 0.3134056672663535, 0.30903121089060454, 0.30802774161918306, 0.30752455214006397, 0.30725576046736375, 0.3066016771250189, 0.3018064484397661, 0.29800058518944567, 0.2963406236468358, 0.2958621960868097, 0.2937544336959115, 0.2934749408736275, 0.2925764094310156, 0.29250847948070263], "gradient_norm": [1.0, 34.638679168770835, 14.320686143830493, 2.3190887811655907, 2.2793570473261764, 2.121756238895085, 2.2549948783976186, 1.8454610032382495, 2.046705014156231, 1.8049919881042247, 1.883164352640843, 0.9325980560878993, 1.032551559884411, 0.8591572668341944, 0.9146444380629888, 0.42919779138667713, 0.18738901745529862, 0.1575066192316963, 0.0912460496298687, 0.09416861868463684, 0.36136111654396574, 0.1289247776049245, 0.07314891125674758, 0.09633021360243799, 0.0719249038361487, 0.09753551206262165, 0.1366645992714568, 0.06008352756959466, 0.03327553858149681], "stepsize": [1.0, 1.0, 0.00048828125, 1.0, 1.0, 0.015625, 0.03125, 0.001953125, 0.015625, 0.0009765625, 0.0078125, 0.0078125, 0.03125, 0.0009765625, 0.015625, 0.015625, 0.0625, 0.5, 0.00048828125, 1.0, 1.0, 1.0, 1.0, 1.0, 1.0, 1.0, 0.015625, 0.00048828125, 1.0], "MeshQuality": [], "angle": [179.80071855857506, 89.75827733825294, 103.91736717087358, 57.5241384809834, 56.08434041311791, 52.14471557803827, 53.88850358369676, 43.79722583272689, 46.98762367956137, 41.69294557655948, 42.91860146673862, 20.22757439127487, 21.78400805274009, 18.447145608030713, 19.39226611810511, 9.548738805791517, 3.8022940295332543, 3.359295775488329, 1.8998542206058902, 1.957076376461553, 7.150934763354564, 2.663276922482497, 1.563090318528902, 2.0098354529327116, 1.507811621113081, 2.0356170717263526, 2.8311049057503963, 1.2851464056384336, 0.707293361833626], "initial_gradient_norm": 25.99035555321132, "state_solves": 0, "adjoint_solves": 0, "iterations": 29}