{"cost_function_value": [2802.622132332185, 42.79337692066688, 6.386821483536769, 1.319511145721, 0.4331324353461472, 0.33340837394166095, 0.32718111159227137, 0.3260476566678246, 0.3256580220764965, 0.32454204846314116, 0.3243279111040623, 0.3231293993420372, 0.32293705618728114, 0.3216782628568766, 0.3214843627057815, 0.32026942353118565, 0.3201036532069854, 0.31901501747993577, 0.31892386440798476, 0.31799258005008324, 0.3162195501939613, 0.315601690233468, 0.3145015027379995, 0.31369909021737385, 0.3119880704093466, 0.31143142968567583, 0.31088626402929115, 0.3104136227742049, 0.30972554188643053, 0.3092235550564907, 0.3086429715915338, 0.3082296868654809, 0.30769522903218577, 0.3072620824221139, 0.30692385616018214, 0.30674818014643357, 0.30598961618087706, 0.305618728020026, 0.30541640955315563, 0.3051187372280095, 0.30475344108517777, 0.30440872150693055, 0.3043347586982401, 0.3036261824865514, 0.3034023379747388, 0.3031342854671375, 0.3031087861110708, 0.30263104771594707, 0.3024211683622955, 0.3021595735321113, 0.3021062522778597, 0.30200731409959036, 0.3014961972560887, 0.301229111940313, 0.3011545383379452, 0.3009783527326649, 0.3006014522915491, 0.30033104812158334, 0.3002274614586665, 0.30000597005798657, 0.2997469246092737, 0.29948717575958966, 0.2993624287598329, 0.29911704518853277, 0.29893787572034514, 0.2986910157762191, 0.29865321271677764, 0.29856878163771716, 0.2980174361696877, 0.2977698211073024, 0.2976509051390001, 0.297425062897931, 0.2972639741206859, 0.2970969869291704, 0.2968073482065516, 0.2965907435833175, 0.296557634176027, 0.29637274346003556, 0.2961762925988897, 0.2959768332821748, 0.2959221171125082, 0.29574621150690233, 0.2956007728571202, 0.29542207220843736, 0.2953613272312693, 0.2951909431241317, 0.2950756244204131, 0.29491212071282275, 0.2948482629524196, 0.29469445538349937, 0.2945978886742047, 0.29445297483442606, 0.2943937499312777, 0.2942620580487058, 0.29417434500416767, 0.29404071432939577, 0.2939842554403042, 0.2938473003914209, 0.2937696607480037], "gradient_norm": [1.0, 34.638679168779994, 14.320686142566082, 4.279540975622579, 3.6692122458945984, 1.9520287393043303, 2.244301081330049, 1.9948809948963184, 2.09177877974804, 1.7639879388421367, 1.9232542900557206, 1.5506352035616122, 1.743455432409651, 1.3583953096951742, 1.5633301675055875, 1.1839440518691624, 1.3949977830132865, 1.022782012464704, 1.2475391346277211, 0.8722140869129438, 0.9866793263776023, 0.9096690205860669, 0.8140061566188931, 0.4571091071646668, 0.5732003951800141, 0.4985517094614662, 0.5209484010154468, 0.34182288290331003, 0.41300985360336273, 0.3576457073703985, 0.38235201862811247, 0.23886695646056486, 0.30143727661468134, 0.25088428074552555, 0.30674844378109933, 0.1614028521048105, 0.22891263498377698, 0.1684128720667721, 0.2261834187427145, 0.12944165183883438, 0.17716413316039614, 0.13548561942463042, 0.22495995043337502, 0.11402776910577886, 0.14918838813486804, 0.08958882240451684, 0.177189313325904, 0.09219375040760361, 0.12270889514499013, 0.07551619672406895, 0.1489749047104067, 0.09758748077716323, 0.10375439983096674, 0.06654878625020162, 0.12677589401469577, 0.08729123712455941, 0.08859193734442658, 0.06084238640524041, 0.10616677495006638, 0.07611720062204884, 0.07689541473981262, 0.05713629587855766, 0.08991957927092292, 0.06707313763777292, 0.06825713935197412, 0.05461811256401408, 0.12197024796704758, 0.12353827022995452, 0.0732667576350649, 0.05955808106069229, 0.059246191611634906, 0.05157969265778045, 0.09302770740413807, 0.09552061603155877, 0.06199475132377494, 0.05469272939228424, 0.07998885371916586, 0.08194311698283191, 0.057220068110040684, 0.052141081500635025, 0.07063919224812586, 0.07327417542333833, 0.05385275187457396, 0.05058790724994657, 0.0647420443679908, 0.06776778833378448, 0.05132656229735076, 0.049221180861472015, 0.06001326804253234, 0.06391440376180148, 0.04944232973149744, 0.04843186259836017, 0.05714562797764219, 0.06260975987196991, 0.04815502394325922, 0.04782300649673734, 0.05534306694521849, 0.0603664096271268, 0.046987533959475254], "stepsize": [1.0, 1.0, 0.00048828125, 0.00048828125, 0.00048828125, 0.00048828125, 0.00048828125, 0.0009765625, 0.0009765625, 0.0009765625, 0.0009765625, 0.0009765625, 0.0009765625, 0.0009765625, 0.0009765625, 0.0009765625, 0.0009765625, 0.0009765625, 0.0009765625, 0.0009765625, 0.00048828125, 0.0009765625, 0.001953125, 0.00390625, 0.00048828125, 0.0009765625, 0.001953125, 0.0009765625, 0.00048828125, 0.0009765625, 0.001953125, 0.0009765625, 0.00048828125, 0.0009765625, 0.001953125, 0.0009765625, 0.00048828125, 0.0009765625, 0.0009765625, 0.0009765625, 0.00048828125, 0.0009765625, 0.001953125, 0.00048828125, 0.0009765625, 0.0009765625, 0.0009765625, 0.00048828125, 0.0009765625, 0.0009765625, 0.0009765625, 0.0009765625, 0.00048828125, 0.0009765625, 0.0009765625, 0.0009765625, 0.00048828125, 0.0009765625, 0.0009765625, 0.0009765625, 0.00048828125, 0.0009765625, 0.0009765625, 0.0009765625, 0.00048828125, 0.0009765625, 0.001953125, 0.0009765625, 0.00048828125, 0.0009765625, 0.00048828125, 0.0009765625, 0.001953125, 0.0009765625, 0.00048828125, 0.0009765625, 0.0009765625, 0.0009765625, 0.00048828125, 0.0009765625, 0.0009765625, 0.0009765625, 0.00048828125, 0.0009765625, 0.0009765625, 0.0009765625, 0.00048828125, 0.0009765625, 0.0009765625, 0.0009765625, 0.00048828125, 0.0009765625, 0.0009765625, 0.0009765625, 0.00048828125, 0.0009765625, 0.0009765625, 0.0009765625, 0.00048828125], "MeshQuality": [], "angle": [179.80071855856775, 89.75827733825582, 103.9173671700471, 58.740614543282796, 72.9441731852379, 48.54570578428838, 53.296732932742245, 47.48269382342585, 47.8035522548492, 41.027284699396624, 42.64382132679855, 35.407317756681145, 37.79966807092345, 30.55958848774388, 33.3471953442024, 26.328285041638942, 29.39238770643229, 22.560822743982108, 26.01456989813261, 19.153279417709648, 21.036307800699916, 19.386221669506572, 17.183642497451345, 9.926188117004935, 12.036263896893376, 10.542630022944879, 10.79384074088536, 7.324795310199436, 8.66237577652752, 7.545950084532868, 7.935036789814941, 5.106265063490221, 6.318451904829977, 5.29667498325847, 6.349569969085198, 3.4684537354187404, 4.791971986839897, 3.566689654510902, 4.712237143387665, 2.7615386809959994, 3.7163238002856285, 2.8648734912137295, 4.648862336814895, 2.411266860732913, 3.122326898997288, 1.9053476659011552, 3.6792813440038588, 1.949950398115756, 2.5718801051951075, 1.6051984802291823, 3.100923240311843, 2.096750358744079, 2.1772276376492723, 1.4139415709309795, 2.6448067365057573, 1.8716588659475961, 1.8616837630580254, 1.2917212063155386, 2.2208611728806718, 1.6281007466319162, 1.6182161285965804, 1.212298375087539, 1.8856032274152639, 1.4316140660707681, 1.4383417451648863, 1.1583265384030883, 2.5396317743077153, 2.668031075879393, 1.5407335983708306, 1.2691320558970858, 1.2505999237766396, 1.093873566034734, 1.947298018851226, 2.0532237243862936, 1.30694394593127, 1.1644534024485602, 1.6788668687421655, 1.7572457864611513, 1.2078696985546002, 1.1096293892011422, 1.4857600883785893, 1.5690713287834182, 1.137984783921348, 1.0765292123142098, 1.3637280556378624, 1.4499789987371667, 1.085565432589025, 1.0474793848605926, 1.2657613700226749, 1.3668879253706863, 1.0464968093822107, 1.0309714543975907, 1.2063603774861265, 1.3391306152476812, 1.0198532022215372, 1.0183223569217847, 1.169079687716451, 1.290995773612751, 0.9957231891014756], "initial_gradient_norm": 25.990355553089394, "state_solves": 0, "adjoint_solves": 0, "iterations": 99}