{"cost_function_value": [239.53424422621623, 227.08498984991218, 211.2982538959364, 206.82921771518198, 195.4815523290437, 189.54334988770205, 185.1899430356081, 182.2442421055646, 175.0020084678561, 169.98624586691656, 165.7382553611869, 162.58493259237704, 160.36853966882825, 158.70219568048716, 157.35997173069197, 156.48107039548438, 156.0630321585028, 155.62682433626424, 155.29933801852482, 154.98070155449977, 154.9258660912655, 154.73850486866954, 154.63489748501104], "gradient_norm": [1.0, 0.9404484758658229, 0.9102247821746684, 1.0557028647805218, 0.9340767925044569, 0.9283259768602499, 0.9461242059214552, 1.0378472681929312, 0.8130219574233637, 0.7179173780555922, 0.5734866625897013, 0.41346421913753617, 0.27885188591957644, 0.16893669878672893, 0.12805385520466858, 0.11216699092486739, 0.0757553864253783, 0.06565272700299304, 0.0570543054519333, 0.07109973367473539, 0.07436785265853646, 0.04817101753905791, 0.04535958617455873], "stepsize": [1.0, 0.5, 0.046875, 0.017578125, 0.0263671875, 0.03955078125, 0.0296630859375, 0.04449462890625, 0.066741943359375, 0.1001129150390625, 0.15016937255859375, 0.22525405883789062, 0.33788108825683594, 0.5068216323852539, 0.7602324485778809, 1.0, 0.5, 0.75, 1.0, 1.0, 1.0, 0.5, 0.75], "MeshQuality": [], "angle": [116.1396902090025, 57.87434577260456, 52.89247588943478, 50.11958223465628, 47.33269251131701, 43.82862214733176, 41.62088887925309, 40.630239647381124, 33.8389042944919, 28.959174940728577, 22.486302892217648, 15.703474981495313, 10.215211397898114, 6.0324920343311135, 4.4674370019496505, 3.841696923974766, 2.576571791258071, 2.2133967240217056, 1.9058317397459374, 2.3584120740737924, 2.4523449030944553, 1.5845477156540098, 1.486606678833067], "initial_gradient_norm": 117.40766682319982, "state_solves": 33, "adjoint_solves": 23, "iterations": 22}