{"cost_function_value": [239.53424422621623, 227.08498984993705, 218.6392662519535, 209.15399075363797, 204.391590745348, 202.16639481681457, 201.1150041640382, 196.96355835859526, 193.11391164287377, 188.44247904480187, 184.40367537787282, 179.22373697928163, 173.9371033527407, 168.86241480580802, 164.37637613173362, 160.77821252996154, 158.1722053520479, 155.9872909988237, 154.69110444011613, 154.2374179706355, 154.23276040865332], "gradient_norm": [1.0, 0.9404484758656998, 0.8997864899519303, 0.8762543074235007, 0.8620509347430443, 0.8579461665700973, 0.9333251689183841, 0.8594827855216243, 0.8559139882935081, 0.863933512719366, 0.8870957439370826, 0.8334767439962674, 0.8026285797874058, 0.7242474592319197, 0.6251765081400246, 0.4886483682056879, 0.3873761536514773, 0.2616372873870677, 0.17883102789184727, 0.09266389174664003, 0.04384135426071772], "stepsize": [1.0, 0.5, 0.046875, 0.03515625, 0.01318359375, 0.00494384765625, 0.007415771484375, 0.0111236572265625, 0.01668548583984375, 0.025028228759765625, 0.03754234313964844, 0.056313514709472656, 0.08447027206420898, 0.12670540809631348, 0.19005811214447021, 0.2850871682167053, 0.427630752325058, 0.641446128487587, 0.9621691927313805, 1.0, 1.0], "MeshQuality": [], "angle": [116.1396902090025, 57.87434577257312, 54.46023504675833, 51.73639877823843, 50.36939669682891, 49.77513048583878, 48.98934435747827, 47.684331608518974, 46.66168683991456, 45.29364846385978, 42.90389282110946, 40.34966159783844, 36.74197334721567, 32.02970764365731, 26.160131825358388, 19.270403893961902, 14.293073974175336, 9.100970039852863, 6.0310809712546645, 3.1144872421079453, 1.4734528527038322], "initial_gradient_norm": 117.40766682319982, "state_solves": 31, "adjoint_solves": 21, "iterations": 20}