{"cost_function_value": [239.53424422621623, 239.53424422621623, 239.53424422621623, 239.53424422621623, 214.8267735545743, 205.40717919675816, 203.211329730295, 201.9134111203831, 198.48477337432138, 194.68149072375743, 190.206858286358, 182.47024694902075, 173.12674944192483, 164.6448842943545, 161.01673713937808, 155.9030473945692, 154.75660123199185, 154.10423427084868, 153.98688738374946, 153.91371865528603, 153.68549175121478, 153.56210884640166, 153.55262584936247, 153.55227229092773, 153.4719080505439], "gradient_norm": [1.0, 1.050403411094318, 1.1086364591825795, 1.033429603613295, 0.8966419984881888, 0.8803613233002382, 0.872797779007064, 0.8864725050234343, 0.8691384100988809, 0.8921026539023981, 0.90872825143192, 0.8782257877197515, 0.8435964830182313, 0.6945797068154874, 0.8808178341241863, 0.3192756066115674, 0.19853601314777714, 0.09214684410430211, 0.19857466715252972, 0.21073224982181285, 0.16260806151032187, 0.08232170743877525, 0.08479763256188483, 0.08603491485757404, 0.03386236475234721], "stepsize": [1.0, 0.001, 0.002, 0.004, 0.002, 0.00025, 6.25e-05, 3.125e-05, 6.25e-05, 0.000125, 0.00025, 0.0005, 0.001, 0.002, 0.004, 0.002, 0.002, 0.004, 0.008, 0.004, 0.004, 0.002, 0.004, 0.004, 0.002], "MeshQuality": [], "angle": [116.1396902090025, 109.44338267688384, 95.58788664859473, 68.08416186351883, 53.33595162573858, 51.11213513922785, 50.399710900296675, 49.78733075668238, 48.47996538723587, 47.146603228326725, 45.713571719142415, 42.42513637367886, 37.140614553070456, 26.82426142230015, 25.491583774015023, 10.401346506032068, 6.5614752937956435, 3.0256749719797544, 6.448135692205565, 6.864563010105843, 5.3695337401747745, 2.718690247945614, 2.7946235959793557, 2.8516821980735645, 1.1219523997570406], "initial_gradient_norm": 117.40766682319982, "state_solves": 47, "adjoint_solves": 25, "iterations": 25}