{"cost_function_value": [239.53424422621623, 239.53424422621623, 239.53424422621623, 239.53424422621623, 235.45309867655104, 217.3711933759654, 208.92621454412048, 204.25657568071378, 202.85916360276724, 192.34356691225156, 189.74240000661226, 173.89484058855405, 165.1692823687238, 160.33625106895164, 158.41919997897736, 155.22177138843296, 154.15349964665538, 153.8209784669995, 153.80255017224607, 153.80059884289727, 153.79951853853703, 153.79290868760623], "gradient_norm": [1.0, 1.050403411094318, 1.1086364591825795, 1.033429603613295, 0.9756773557244486, 0.8969587795105529, 0.8834650075374578, 0.8764339888076882, 1.1166582098474274, 0.8802108273949882, 1.3527710021678365, 0.8525642977342804, 0.8341363449946245, 0.6465491578618003, 0.46817885232023465, 0.33498677114417647, 0.1945290487314402, 0.12186497786389024, 0.09121079237816487, 0.0691766097366495, 0.06072170923948722, 0.04376877381297472], "stepsize": [1.0, 0.001, 0.002, 0.004, 0.001, 0.03125, 0.015625, 0.0078125, 0.000125, 0.00025, 0.5, 0.001, 1.0, 0.25, 0.001, 1.0, 1.0, 1.0, 0.001, 0.25, 0.125, 0.25], "MeshQuality": [], "angle": [116.1396902090025, 109.44338267688384, 95.58788664859473, 68.08416186351883, 61.1622074351067, 54.066426170305085, 51.83975160124563, 50.664539868982466, 51.416959732717906, 46.132593887911874, 49.42430834388523, 35.78489880633942, 28.936452357297583, 21.9128619553294, 16.271289690948663, 11.10110472532303, 6.44196200466196, 4.0457088768604095, 3.035352397396102, 2.3064657955907246, 2.0267069424165824, 1.4644305990671476], "initial_gradient_norm": 117.40766682319982, "state_solves": 116, "adjoint_solves": 24, "iterations": 22}