{"cost_function_value": [81.03326721137032, 81.03326721137032, 81.03326721137032, 81.03326721137032, 81.03326721137032, 81.03326721137032, 68.24851439052595, 54.63491999767123, 46.14659356779666, 43.95377594542209, 42.60770700642858, 42.03999977133646, 41.85837617186022, 41.65884276835301, 41.492919750336284, 41.24082453854558, 41.0459476941448, 40.87286516969226, 40.72953803645172, 40.6186187911447, 40.49554389895576, 40.31754273894923, 40.23073085435007], "gradient_norm": [1.0, 1.0194298114475637, 1.0014330625166992, 0.779069296696427, 0.45606895639296924, 0.33888848774772945, 0.8410230897313876, 0.7054187884244483, 0.32044422843641135, 0.2787794804698403, 0.19536827930886994, 0.11710243670267748, 0.06755756425131684, 0.05134792006573429, 0.047055054247715694, 0.04434853808459203, 0.044092707257812114, 0.04518013302831238, 0.045670961233661295, 0.025748949948376055, 0.023326276774998763, 0.03349715891023269, 0.018237702577378473], "stepsize": [1.0, 0.001, 0.002, 0.004, 0.004, 0.002, 0.001, 0.002, 0.004, 0.008, 0.008, 0.008, 0.008, 0.008, 0.008, 0.008, 0.008, 0.008, 0.008, 0.004, 0.008, 0.016, 0.004], "MeshQuality": [], "angle": [101.92451320558223, 94.10766976535781, 78.4707540400489, 49.66362088662616, 26.501887558191402, 19.36443000789998, 39.20064321169935, 31.699738207664485, 15.627062611552347, 14.004307379610594, 9.917725190661796, 6.045273743042869, 3.5168593846980905, 2.691781890111527, 2.4744246461873605, 2.340310954914019, 2.329660219591227, 2.395314364709414, 2.4248709663592085, 1.369561597115432, 1.2437154823108023, 1.7907187785628744, 0.9755751739803504], "initial_gradient_norm": 137.28246241348623, "state_solves": 42, "adjoint_solves": 23, "iterations": 23}