{"cost_function_value": [81.03326721137032, 81.03326721137032, 81.03326721137032, 81.03326721137032, 69.28723880074769, 61.7143215922912, 58.95810133874183, 57.211110561540686, 52.444233411737, 48.18405838970114, 44.882711109847016, 43.143838067493846, 42.21963344272777, 41.72705786957734, 41.25994723588226, 40.82944350986979, 40.60305341460057, 40.266944909811826, 40.106944742466155, 39.9650797481043, 39.84523606626829, 39.7696174406373, 39.67663474549711], "gradient_norm": [1.0, 0.7938622424004195, 0.5393571388318138, 0.39759445880681155, 0.3126461805609443, 0.2885355680885015, 0.2790256222993243, 0.30121077198765195, 0.365145185286253, 0.38841441020999495, 0.31187465164263906, 0.264749087088612, 0.21576879052379336, 0.18004436781364877, 0.1188754536504422, 0.05944834333116966, 0.0514544498343969, 0.03878963895166835, 0.027857804019801227, 0.02277034863357423, 0.02075532898684218, 0.020401024115787352, 0.01767004251319595], "stepsize": [1.0, 0.5, 0.375, 0.28125, 0.2109375, 0.03955078125, 0.01483154296875, 0.022247314453125, 0.0333709716796875, 0.05005645751953125, 0.07508468627929688, 0.11262702941894531, 0.16894054412841797, 0.25341081619262695, 0.38011622428894043, 0.5701743364334106, 0.855261504650116, 1.0, 1.0, 1.0, 1.0, 1.0, 1.0], "MeshQuality": [], "angle": [101.92451320558223, 50.9622566027911, 31.85141037674443, 22.893201208285046, 17.850713284185105, 16.47208427827917, 15.889707977054321, 16.918760258140065, 20.14894111435108, 20.977931474521263, 16.994630120418872, 14.378424894237142, 11.683996341416552, 9.570744336754535, 6.309914417943495, 3.1654027480553966, 2.7452015058085846, 2.0803094030987586, 1.4954248204232337, 1.2265100025054714, 1.1180121943395769, 1.0999123918003018, 0.9559622788031196], "initial_gradient_norm": 137.28246241348623, "state_solves": 32, "adjoint_solves": 23, "iterations": 22}