{"cost_function_value": [81.03326721137032, 81.03326721137032, 81.03326721137032, 74.07333233465616, 61.29869314692073, 59.142812991114084, 56.81267624169417, 56.68617554337171, 50.55930582974315, 48.42838595011359, 47.55000804896742, 47.33072902083911, 42.81712197148141, 41.89610088651067, 41.052556955291166, 40.33922842842416, 40.271140509125175, 40.02806388713704, 39.78368839815732, 39.73316764404208, 39.72104450641068, 39.65841422361549, 39.57550607348674], "gradient_norm": [1.0, 1.0194298114475637, 1.0014330625166992, 0.32538520748430816, 0.28717307595016894, 0.2791300408895293, 0.2934041277532787, 0.33299355474336656, 0.3729361606338138, 0.3855053881846445, 0.44644185307559586, 0.46172064539559854, 0.2878889436411264, 0.25186187635784796, 0.17380090607370338, 0.126727302848874, 0.10970949277317069, 0.08285912831399787, 0.05186089127886896, 0.043295843743993215, 0.03841110898074263, 0.027053479447096664, 0.01486057840739867], "stepsize": [1.0, 0.001, 0.002, 0.25, 0.0005, 0.015625, 0.03125, 0.015625, 0.00025, 0.03125, 0.03125, 0.0078125, 0.001, 1.0, 0.5, 1.0, 0.001, 1.0, 1.0, 1.0, 0.001, 0.5, 0.5], "MeshQuality": [], "angle": [101.92451320558223, 94.10766976535781, 78.4707540400489, 18.57505133350376, 16.394258216639486, 15.904388298862761, 16.52036340954917, 18.54398547327167, 20.529263487993923, 21.04801188736012, 23.842053302439755, 24.5170540863687, 15.585612731987622, 12.89872736695611, 8.998026288276009, 6.634448821820958, 5.757765724446283, 4.432777429351595, 2.790875950032973, 2.335617254528792, 2.0723732698245025, 1.4635054712425026, 0.8051019412324993], "initial_gradient_norm": 137.28246241348623, "state_solves": 65, "adjoint_solves": 23, "iterations": 23}