{"cost_function_value": [81.03326721137032, 81.03326721137032, 81.03326721137032, 65.28625500619275, 51.62914878627619, 44.763890393072174, 42.73415374392343, 42.11875007087734, 41.87926914665386, 41.75780225452003, 41.63487525768639, 41.41122309507086, 41.23464678441294, 41.07728107792356, 40.957510201067336, 40.7935437012818, 40.68624567404362, 40.56629254794951, 40.461523873156565, 40.35920567699742, 40.27307170428207], "gradient_norm": [1.0, 0.7938622424004195, 0.4503380880695577, 0.6860836252119134, 0.6233474334719642, 0.314850746845304, 0.20854265304840466, 0.10523512839725065, 0.06495965904875017, 0.04552554563487702, 0.04453221400789183, 0.03943603246155304, 0.032412507847670045, 0.02935249827626367, 0.031216820672728494, 0.02721731447596852, 0.023695307845472306, 0.021412331573029124, 0.01994010282706946, 0.0187743853038814, 0.01771430408959331], "stepsize": [1.0, 0.5, 0.375, 0.28125, 0.421875, 0.6328125, 0.94921875, 1.0, 1.0, 1.0, 1.0, 1.0, 1.0, 1.0, 1.0, 1.0, 1.0, 1.0, 1.0, 1.0, 1.0], "MeshQuality": [], "angle": [101.92451320558223, 50.96225660279112, 26.143452369113938, 33.86474551747194, 28.53236692025761, 15.721534566211385, 10.698530089719153, 5.450752732239873, 3.3895867289255475, 2.3892239909754647, 2.3448034908044884, 2.0805888089736113, 1.7143866385283721, 1.555223766335719, 1.6578877008770687, 1.4470219992115443, 1.2624967987132456, 1.142385402315079, 1.0651550571277253, 1.003810928845476, 0.9481396876589004], "initial_gradient_norm": 137.28246241348623, "state_solves": 24, "adjoint_solves": 21, "iterations": 20}